country,value,year
Canada,100.031153684211,2018
Mexico,13.6497935705437,2018
US,849.562607368421,2018
Total North America,963.243554623175,2018
Argentina,6.872,2018
Brazil,15.6738870220224,2018
Other S. & Cent. America,0.0,2018
Total S. & Cent. America,22.5458870220224,2018
Germany,76.005,2018
Italy,0.0,2018
Netherlands,3.51477,2018
Poland,0.0,2018
Spain,55.766,2018
Turkey,0.0,2018
Ukraine,84.3981,2018
United Kingdom,65.0638489215146,2018
Other Europe,651.0623504,2018
Total Europe,935.810069321515,2018
Kazakhstan,0.0,2018
Russian Federation,204.58105,2018
Other CIS,2.0761,2018
Total CIS,206.65715,2018
Iran,6.88537704918033,2018
Saudi Arabia,0.0,2018
United Arab Emirates,0.0,2018
Other Middle East,0.0,2018
Total Middle East,6.88537704918033,2018
Egypt,0.0,2018
South Africa,11.090427,2018
Other Africa,0.0,2018
Total Africa,11.090427,2018
Australia,0.0,2018
China,295.0,2018
India,39.0507,2018
Indonesia,0.0,2018
Japan,49.106,2018
Malaysia,0.0,2018
South Korea,133.505261,2018
Taiwan,27.68240688,2018
Thailand,0.0,2018
Vietnam,0.0,2018
Other Asia Pacific,9.79708395329528,2018
Total Asia Pacific,554.141451833295,2018
Total World,2700.37391684919,2018
Canada,100.485865505184,2019
Mexico,11.251211314635,2019
US,852.009749473684,2019
Total North America,963.746826293503,2019
Argentina,8.441898,2019
Brazil,16.1648317920393,2019
Other S. & Cent. America,0.0,2019
Total S. & Cent. America,24.6067297920393,2019
Germany,75.071236,2019
Italy,0.0,2019
Netherlands,3.909748,2019
Poland,0.0,2019
Spain,58.4391913735875,2019
Turkey,0.0,2019
Ukraine,83.0025016535898,2019
United Kingdom,56.1839330633357,2019
Other Europe,651.860862422146,2019
Total Europe,928.467472512659,2019
Kazakhstan,0.0,2019
Russian Federation,208.98567,2019
Other CIS,2.1978,2019
Total CIS,211.18347,2019
Iran,6.41063387978142,2019
Saudi Arabia,0.0,2019
United Arab Emirates,0.0,2019
Other Middle East,0.0,2019
Total Middle East,6.41063387978142,2019
Egypt,0.0,2019
South Africa,14.214193,2019
Other Africa,0.0,2019
Total Africa,14.214193,2019
Australia,0.0,2019
China,348.7,2019
India,45.16289,2019
Indonesia,0.0,2019
Japan,65.636,2019
Malaysia,0.0,2019
South Korea,145.989984,2019
Taiwan,32.323432,2019
Thailand,0.0,2019
Vietnam,0.0,2019
Other Asia Pacific,9.5198975357682,2019
Total Asia Pacific,647.332203535768,2019
Total World,2795.96152901375,2019
